{"Test #1": {"Recession": {"SVM": {"C": 0.75, "Gamma": 0.041666666666666664, "Best CV Score": 0.4327573759429931}}, "Recession_within_6mo": {"SVM": {"C": 0.1, "Gamma": 0.041666666666666664, "Best CV Score": 0.3735347444081233}}, "Recession_within_12mo": {"SVM": {"C": 2.5, "Gamma": 0.041666666666666664, "Best CV Score": 0.3293838972654239}}, "Recession_within_24mo": {"SVM": {"C": 10.0, "Gamma": 0.125, "Best CV Score": 0.37054337237532764}}}, "Test #2": {"Recession": {"SVM": {"C": 0.5, "Gamma": 0.041666666666666664, "Best CV Score": 0.46190889803428115}}, "Recession_within_6mo": {"SVM": {"C": 0.1, "Gamma": 0.041666666666666664, "Best CV Score": 0.44542009327377324}}, "Recession_within_12mo": {"SVM": {"C": 0.075, "Gamma": 0.041666666666666664, "Best CV Score": 0.45148743452233053}}, "Recession_within_24mo": {"SVM": {"C": 0.075, "Gamma": 0.041666666666666664, "Best CV Score": 0.45247753299264276}}}, "Test #3": {"Recession": {"SVM": {"C": 0.1, "Gamma": 0.041666666666666664, "Best CV Score": 0.5502771389658376}}, "Recession_within_6mo": {"SVM": {"C": 0.25, "Gamma": 0.041666666666666664, "Best CV Score": 0.4899573338880746}}, "Recession_within_12mo": {"SVM": {"C": 0.075, "Gamma": 0.041666666666666664, "Best CV Score": 0.47521811881200976}}, "Recession_within_24mo": {"SVM": {"C": 0.075, "Gamma": 0.041666666666666664, "Best CV Score": 0.4452620478798781}}}, "Test #4": {"Recession": {"SVM": {"C": 0.1, "Gamma": 0.041666666666666664, "Best CV Score": 0.5011819845021991}}, "Recession_within_6mo": {"SVM": {"C": 0.25, "Gamma": 0.041666666666666664, "Best CV Score": 0.49566122246292876}}, "Recession_within_12mo": {"SVM": {"C": 0.075, "Gamma": 0.041666666666666664, "Best CV Score": 0.48538196686180357}}, "Recession_within_24mo": {"SVM": {"C": 0.075, "Gamma": 0.041666666666666664, "Best CV Score": 0.46801869619284675}}}, "Test #5": {"Recession": {"SVM": {"C": 0.1, "Gamma": 0.041666666666666664, "Best CV Score": 0.4241327870205486}}, "Recession_within_6mo": {"SVM": {"C": 2.5, "Gamma": 0.041666666666666664, "Best CV Score": 0.4185659360393845}}, "Recession_within_12mo": {"SVM": {"C": 0.25, "Gamma": 0.041666666666666664, "Best CV Score": 0.42502020612152924}}, "Recession_within_24mo": {"SVM": {"C": 0.075, "Gamma": 0.041666666666666664, "Best CV Score": 0.44897210393926784}}}, "Test #6": {"Recession": {"SVM": {"C": 0.1, "Gamma": 0.041666666666666664, "Best CV Score": 0.4178473493657454}}, "Recession_within_6mo": {"SVM": {"C": 2.5, "Gamma": 0.041666666666666664, "Best CV Score": 0.43524092749831506}}, "Recession_within_12mo": {"SVM": {"C": 0.25, "Gamma": 0.041666666666666664, "Best CV Score": 0.43371520332224744}}, "Recession_within_24mo": {"SVM": {"C": 0.075, "Gamma": 0.041666666666666664, "Best CV Score": 0.44562347348019826}}}, "Test #7": {"Recession": {"SVM": {"C": 0.25, "Gamma": 0.041666666666666664, "Best CV Score": 0.37443826093619553}}, "Recession_within_6mo": {"SVM": {"C": 2.5, "Gamma": 0.041666666666666664, "Best CV Score": 0.4150246391169522}}, "Recession_within_12mo": {"SVM": {"C": 0.5, "Gamma": 0.041666666666666664, "Best CV Score": 0.4098022822409193}}, "Recession_within_24mo": {"SVM": {"C": 0.075, "Gamma": 0.041666666666666664, "Best CV Score": 0.4335713578260679}}}}